{
    "root_group": {
        "name": "",
        "path": "",
        "id": "d41d8cd98f00b204e9800998ecf8427e",
        "groups": {},
        "checks": {
                "http status is 200": {
                    "name": "http status is 200",
                    "path": "::http status is 200",
                    "id": "ea2fe6ab7eecb8c5b564c043a0723b30",
                    "passes": 29749,
                    "fails": 0
                }
            }
    },
    "metrics": {
        "seckill_requests": {
            "count": 29749,
            "rate": 626.1718537400767
        },
        "seckill_business_duration": {
            "med": 6.386755,
            "max": 1511.324,
            "p(90)": 14.060203400000002,
            "p(95)": 23.163440399999995,
            "avg": 8.66574641702243,
            "min": 2.887588
        },
        "vus": {
            "value": 1,
            "min": 0,
            "max": 29
        },
        "http_req_sending": {
            "p(90)": 0.036317400000000014,
            "p(95)": 0.051939599999999995,
            "avg": 0.02272088241621577,
            "min": 0.004818,
            "med": 0.020444,
            "max": 1.195422
        },
        "http_req_receiving": {
            "max": 24.600265,
            "p(90)": 1.783608200000001,
            "p(95)": 3.6364143999999965,
            "avg": 0.9825043392382999,
            "min": 0.020895,
            "med": 0.592133
        },
        "http_req_failed": {
            "passes": 0,
            "fails": 29749,
            "thresholds": {
                "rate<0.30": false
            },
            "value": 0
        },
        "http_reqs": {
            "count": 29749,
            "rate": 626.1718537400767
        },
        "iterations": {
            "rate": 626.1718537400767,
            "count": 29749
        },
        "checks": {
            "passes": 29749,
            "fails": 0,
            "value": 1
        },
        "data_received": {
            "count": 5265573,
            "rate": 110832.41811199358
        },
        "http_req_blocked": {
            "avg": 0.07138207727990728,
            "min": 0.001783,
            "med": 0.004442,
            "max": 32.841504,
            "p(90)": 0.0074292,
            "p(95)": 0.009778199999999997
        },
        "vus_max": {
            "min": 285,
            "max": 700,
            "value": 700
        },
        "http_req_duration{expected_response:true}": {
            "max": 1511.324,
            "p(90)": 14.060203400000002,
            "p(95)": 23.163440399999995,
            "avg": 8.66574641702243,
            "min": 2.887588,
            "med": 6.386755
        },
        "iteration_duration": {
            "p(95)": 23.64482559999999,
            "avg": 8.500651131432916,
            "min": 2.991431,
            "med": 6.539343,
            "max": 75.974209,
            "p(90)": 14.292317200000003
        },
        "http_req_connecting": {
            "avg": 0.0649655594137618,
            "min": 0,
            "med": 0,
            "max": 32.783888,
            "p(90)": 0,
            "p(95)": 0
        },
        "http_req_duration": {
            "avg": 8.66574641702243,
            "min": 2.887588,
            "med": 6.386755,
            "max": 1511.324,
            "p(90)": 14.060203400000002,
            "p(95)": 23.163440399999995,
            "thresholds": {
                "p(95)<3000": false
            }
        },
        "http_req_tls_handshaking": {
            "p(95)": 0,
            "avg": 0,
            "min": 0,
            "med": 0,
            "max": 0,
            "p(90)": 0
        },
        "http_req_waiting": {
            "p(95)": 19.557980199999992,
            "avg": 7.660521195367855,
            "min": 2.754206,
            "med": 5.738648,
            "max": 1510.208692,
            "p(90)": 12.209112400000002
        },
        "data_sent": {
            "count": 11089719,
            "rate": 233421.96052595213
        }
    }
}