{
    "root_group": {
        "checks": {
            "http status is 200": {
                "name": "http status is 200",
                "path": "::http status is 200",
                "id": "ea2fe6ab7eecb8c5b564c043a0723b30",
                "passes": 30599,
                "fails": 0
            }
        },
        "name": "",
        "path": "",
        "id": "d41d8cd98f00b204e9800998ecf8427e",
        "groups": {}
    },
    "metrics": {
        "http_req_receiving": {
            "avg": 2.2728975323049707,
            "min": 0.024314,
            "med": 0.697864,
            "max": 1499.626126,
            "p(90)": 8.096442600000008,
            "p(95)": 12.0044981
        },
        "http_req_failed": {
            "passes": 0,
            "fails": 30599,
            "thresholds": {
                "rate<0.30": false
            },
            "value": 0
        },
        "seckill_business_duration": {
            "min": 2.820294,
            "med": 7.005324,
            "max": 1513.363559,
            "p(90)": 47.37373800000001,
            "p(95)": 63.22396289999999,
            "avg": 15.625129604300787
        },
        "iterations": {
            "count": 30599,
            "rate": 620.1221551430241
        },
        "http_req_blocked": {
            "avg": 0.1326288010392492,
            "min": 0.002127,
            "med": 0.00459,
            "max": 49.831022,
            "p(90)": 0.007359,
            "p(95)": 0.010386399999999994
        },
        "seckill_requests": {
            "rate": 620.1221551430241,
            "count": 30599
        },
        "http_req_waiting": {
            "p(90)": 39.178337000000006,
            "p(95)": 51.991949999999996,
            "avg": 13.328269818621528,
            "min": 2.668414,
            "med": 6.251983,
            "max": 1512.487626
        },
        "http_req_duration": {
            "avg": 15.625129604300787,
            "min": 2.820294,
            "med": 7.005324,
            "max": 1513.363559,
            "p(90)": 47.37373800000001,
            "p(95)": 63.22396289999999,
            "thresholds": {
                "p(95)<3000": false
            }
        },
        "http_req_duration{expected_response:true}": {
            "min": 2.820294,
            "med": 7.005324,
            "max": 1513.363559,
            "p(90)": 47.37373800000001,
            "p(95)": 63.22396289999999,
            "avg": 15.625129604300787
        },
        "checks": {
            "passes": 30599,
            "fails": 0,
            "value": 1
        },
        "data_sent": {
            "count": 11406769,
            "rate": 231170.63222649883
        },
        "vus_max": {
            "max": 720,
            "value": 720,
            "min": 293
        },
        "http_req_connecting": {
            "p(90)": 0,
            "p(95)": 0,
            "avg": 0.12485304951142179,
            "min": 0,
            "med": 0,
            "max": 49.761207
        },
        "http_req_sending": {
            "p(95)": 0.053886099999999985,
            "avg": 0.023962253374293342,
            "min": 0.006351,
            "med": 0.021075,
            "max": 8.18554,
            "p(90)": 0.036068600000000006
        },
        "http_reqs": {
            "count": 30599,
            "rate": 620.1221551430241
        },
        "http_req_tls_handshaking": {
            "min": 0,
            "med": 0,
            "max": 0,
            "p(90)": 0,
            "p(95)": 0,
            "avg": 0
        },
        "data_received": {
            "count": 5416023,
            "rate": 109761.62146031526
        },
        "vus": {
            "value": 1,
            "min": 0,
            "max": 56
        },
        "iteration_duration": {
            "p(90)": 47.538870800000005,
            "p(95)": 64.10741099999996,
            "avg": 15.291315000784317,
            "min": 2.974205,
            "med": 7.153092,
            "max": 123.524458
        }
    }
}