{
    "metrics": {
        "http_req_sending": {
            "avg": 0.022952276342416016,
            "min": 0.004886,
            "med": 0.020656,
            "max": 1.071181,
            "p(90)": 0.031424600000000004,
            "p(95)": 0.048132799999999976
        },
        "vus": {
            "value": 1,
            "min": 0,
            "max": 8
        },
        "http_req_waiting": {
            "max": 1509.062143,
            "p(90)": 6.5052374,
            "p(95)": 7.193152799999998,
            "avg": 5.202007274883533,
            "min": 2.522431,
            "med": 4.700644
        },
        "http_req_receiving": {
            "p(90)": 0.7327730000000001,
            "p(95)": 0.8862303999999998,
            "avg": 0.4812286186173506,
            "min": 0.021852,
            "med": 0.423774,
            "max": 11.803599
        },
        "data_received": {
            "count": 3761073,
            "rate": 79564.18565496431
        },
        "iterations": {
            "count": 21249,
            "rate": 449.5151731918888
        },
        "http_req_duration": {
            "max": 1509.448929,
            "p(90)": 7.144046600000001,
            "p(95)": 7.962701399999998,
            "avg": 5.706188169843294,
            "min": 2.739815,
            "med": 5.184494,
            "thresholds": {
                "p(95)<3000": false
            }
        },
        "seckill_business_duration": {
            "avg": 5.706188169843294,
            "min": 2.739815,
            "med": 5.184494,
            "max": 1509.448929,
            "p(90)": 7.144046600000001,
            "p(95)": 7.962701399999998
        },
        "checks": {
            "passes": 21249,
            "fails": 0,
            "value": 1
        },
        "data_sent": {
            "count": 7919219,
            "rate": 167528.31193606742
        },
        "http_req_failed": {
            "passes": 0,
            "fails": 21249,
            "thresholds": {
                "rate<0.30": false
            },
            "value": 0
        },
        "http_reqs": {
            "count": 21249,
            "rate": 449.5151731918888
        },
        "http_req_connecting": {
            "avg": 0.08332258515694847,
            "min": 0,
            "med": 0,
            "max": 37.232394,
            "p(90)": 0,
            "p(95)": 0
        },
        "seckill_requests": {
            "count": 21249,
            "rate": 449.5151731918888
        },
        "http_req_tls_handshaking": {
            "min": 0,
            "med": 0,
            "max": 0,
            "p(90)": 0,
            "p(95)": 0,
            "avg": 0
        },
        "iteration_duration": {
            "min": 2.854375,
            "med": 5.325022,
            "max": 75.719111,
            "p(90)": 7.434787400000001,
            "p(95)": 8.4245504,
            "avg": 5.725876540119545
        },
        "http_req_duration{expected_response:true}": {
            "p(90)": 7.144046600000001,
            "p(95)": 7.962701399999998,
            "avg": 5.706188169843294,
            "min": 2.739815,
            "med": 5.184494,
            "max": 1509.448929
        },
        "vus_max": {
            "min": 284,
            "max": 500,
            "value": 500
        },
        "http_req_blocked": {
            "med": 0.004178,
            "max": 37.270859,
            "p(90)": 0.006518200000000001,
            "p(95)": 0.008575399999999993,
            "avg": 0.08993692126688457,
            "min": 0.00178
        }
    },
    "root_group": {
        "id": "d41d8cd98f00b204e9800998ecf8427e",
        "groups": {},
        "checks": {
                "http status is 200": {
                    "name": "http status is 200",
                    "path": "::http status is 200",
                    "id": "ea2fe6ab7eecb8c5b564c043a0723b30",
                    "passes": 21249,
                    "fails": 0
                }
            },
        "name": "",
        "path": ""
    }
}