{
    "root_group": {
        "groups": {},
        "checks": {
                "http status is 200": {
                    "name": "http status is 200",
                    "path": "::http status is 200",
                    "id": "ea2fe6ab7eecb8c5b564c043a0723b30",
                    "passes": 68275,
                    "fails": 0
                }
            },
        "name": "",
        "path": "",
        "id": "d41d8cd98f00b204e9800998ecf8427e"
    },
    "metrics": {
        "http_req_sending": {
            "p(90)": 0.049608599999999996,
            "p(95)": 0.065218,
            "avg": 0.03735213376785061,
            "min": 0.003774,
            "med": 0.021357,
            "max": 769.486286
        },
        "checks": {
            "passes": 68275,
            "fails": 0,
            "value": 1
        },
        "vus_max": {
            "value": 3742,
            "min": 190,
            "max": 3742
        },
        "http_req_tls_handshaking": {
            "avg": 0,
            "min": 0,
            "med": 0,
            "max": 0,
            "p(90)": 0,
            "p(95)": 0
        },
        "http_req_receiving": {
            "med": 48.857151,
            "max": 1563.181339,
            "p(90)": 56.951052,
            "p(95)": 60.19067899999998,
            "avg": 45.40737249360634,
            "min": 0.021494
        },
        "seckill_business_duration": {
            "avg": 2679.567763753958,
            "min": 2.809679,
            "med": 2549.224049,
            "max": 7448.339721,
            "p(90)": 4924.2679572,
            "p(95)": 6941.103180599996
        },
        "data_sent": {
            "count": 25495599,
            "rate": 280961.1909347124
        },
        "http_req_blocked": {
            "avg": 0.1863675226071016,
            "min": 0.000673,
            "med": 0.004059,
            "max": 1506.875122,
            "p(90)": 0.008018,
            "p(95)": 1.3707151999999991
        },
        "http_req_failed": {
            "passes": 0,
            "fails": 68275,
            "thresholds": {
                "rate<0.30": false
            },
            "value": 0
        },
        "iteration_duration": {
            "avg": 2451.033098263327,
            "min": 2.908009,
            "med": 2423.552392,
            "max": 5177.462383,
            "p(90)": 4662.0579259999995,
            "p(95)": 4917.9122242
        },
        "vus": {
            "value": 114,
            "min": 0,
            "max": 3738
        },
        "data_received": {
            "count": 12070739,
            "rate": 133019.39699091125
        },
        "iterations": {
            "count": 68275,
            "rate": 752.3896697256453
        },
        "http_req_duration{expected_response:true}": {
            "avg": 2679.567763753958,
            "min": 2.809679,
            "med": 2549.224049,
            "max": 7448.339721,
            "p(90)": 4924.2679572,
            "p(95)": 6941.103180599996
        },
        "http_req_connecting": {
            "med": 0,
            "max": 1506.7466,
            "p(90)": 0,
            "p(95)": 1.3107452999999993,
            "avg": 0.1775880148663486,
            "min": 0
        },
        "http_reqs": {
            "count": 68275,
            "rate": 752.3896697256453
        },
        "seckill_requests": {
            "rate": 752.3896697256453,
            "count": 68275
        },
        "dropped_iterations": {
            "count": 224224,
            "rate": 2470.9457532707884
        },
        "http_req_duration": {
            "avg": 2679.567763753958,
            "min": 2.809679,
            "med": 2549.224049,
            "max": 7448.339721,
            "p(90)": 4924.2679572,
            "p(95)": 6941.103180599996,
            "thresholds": {
                "p(95)<3000": true
            }
        },
        "http_req_waiting": {
            "p(95)": 6883.1772369,
            "avg": 2634.1230391265753,
            "min": 2.543121,
            "med": 2504.553592,
            "max": 7393.376743,
            "p(90)": 4869.3124254
        }
    }
}