{
    "root_group": {
        "groups": {},
        "checks": {
                "http status is 200": {
                    "path": "::http status is 200",
                    "id": "ea2fe6ab7eecb8c5b564c043a0723b30",
                    "passes": 32620,
                    "fails": 0,
                    "name": "http status is 200"
                }
            },
        "name": "",
        "path": "",
        "id": "d41d8cd98f00b204e9800998ecf8427e"
    },
    "metrics": {
        "vus_max": {
            "value": 970,
            "min": 277,
            "max": 970
        },
        "http_req_connecting": {
            "min": 0,
            "med": 0,
            "max": 45.990085,
            "p(90)": 0,
            "p(95)": 0,
            "avg": 0.11981460141017788
        },
        "data_sent": {
            "rate": 245756.39225268827,
            "count": 12161688
        },
        "dropped_iterations": {
            "count": 954,
            "rate": 19.277882988698988
        },
        "http_req_duration{expected_response:true}": {
            "min": 3.145452,
            "med": 953.5364925,
            "max": 2765.798897,
            "p(90)": 1278.2857807,
            "p(95)": 1378.40434635,
            "avg": 840.506771221526
        },
        "http_req_duration": {
            "p(90)": 1278.2857807,
            "p(95)": 1378.40434635,
            "avg": 840.506771221526,
            "min": 3.145452,
            "med": 953.5364925,
            "max": 2765.798897,
            "thresholds": {
                "p(95)<3000": false
            }
        },
        "http_req_tls_handshaking": {
            "p(95)": 0,
            "avg": 0,
            "min": 0,
            "med": 0,
            "max": 0,
            "p(90)": 0
        },
        "http_req_waiting": {
            "p(90)": 1221.3338989,
            "p(95)": 1319.7378304000001,
            "avg": 787.8383025793983,
            "min": 2.959356,
            "med": 896.9303580000001,
            "max": 2713.056653
        },
        "http_reqs": {
            "count": 32620,
            "rate": 659.1661877267935
        },
        "iterations": {
            "count": 32620,
            "rate": 659.1661877267935
        },
        "vus": {
            "value": 0,
            "min": 0,
            "max": 957
        },
        "seckill_requests": {
            "count": 32620,
            "rate": 659.1661877267935
        },
        "http_req_blocked": {
            "avg": 0.12758204359288794,
            "min": 0.0019,
            "med": 0.004662,
            "max": 46.077344,
            "p(90)": 0.007303,
            "p(95)": 0.00981505
        },
        "http_req_failed": {
            "passes": 0,
            "fails": 32620,
            "thresholds": {
                "rate<0.30": false
            },
            "value": 0
        },
        "iteration_duration": {
            "max": 1526.934088,
            "p(90)": 1264.0619364,
            "p(95)": 1330.7860743499998,
            "avg": 812.904054940709,
            "min": 3.243909,
            "med": 867.1266965
        },
        "http_req_receiving": {
            "med": 55.720234500000004,
            "max": 1554.326113,
            "p(90)": 62.130734700000005,
            "p(95)": 64.63166635,
            "avg": 52.644114122654706,
            "min": 0.024077
        },
        "seckill_business_duration": {
            "p(95)": 1378.40434635,
            "avg": 840.506771221526,
            "min": 3.145452,
            "med": 953.5364925,
            "max": 2765.798897,
            "p(90)": 1278.2857807
        },
        "checks": {
            "passes": 32620,
            "fails": 0,
            "value": 1
        },
        "data_received": {
            "count": 5773740,
            "rate": 116672.41522764244
        },
        "http_req_sending": {
            "avg": 0.02435451946658494,
            "min": 0.005986,
            "med": 0.021365,
            "max": 1.01634,
            "p(90)": 0.04024830000000003,
            "p(95)": 0.05649684999999999
        }
    }
}