{
    "root_group": {
        "name": "",
        "path": "",
        "id": "d41d8cd98f00b204e9800998ecf8427e",
        "groups": {},
        "checks": {
                "http status is 200": {
                    "fails": 0,
                    "name": "http status is 200",
                    "path": "::http status is 200",
                    "id": "ea2fe6ab7eecb8c5b564c043a0723b30",
                    "passes": 28112
                }
            }
    },
    "metrics": {
        "http_req_duration{expected_response:true}": {
            "max": 3667.539127,
            "p(90)": 1742.5741873000002,
            "p(95)": 2113.2831733,
            "avg": 1200.916459475876,
            "min": 4.581528,
            "med": 1410.5666075
        },
        "http_req_tls_handshaking": {
            "max": 0,
            "p(90)": 0,
            "p(95)": 0,
            "avg": 0,
            "min": 0,
            "med": 0
        },
        "iterations": {
            "count": 28112,
            "rate": 595.8264967384323
        },
        "http_reqs": {
            "count": 28112,
            "rate": 595.8264967384323
        },
        "http_req_receiving": {
            "p(95)": 91.55800759999995,
            "avg": 56.62816469991441,
            "min": 0.034416,
            "med": 61.682961500000005,
            "max": 1569.409082,
            "p(90)": 81.04130800000001
        },
        "http_req_failed": {
            "passes": 0,
            "fails": 28112,
            "thresholds": {
                "rate<0.30": false
            },
            "value": 0
        },
        "http_req_duration": {
            "avg": 1200.916459475876,
            "min": 4.581528,
            "med": 1410.5666075,
            "max": 3667.539127,
            "p(90)": 1742.5741873000002,
            "p(95)": 2113.2831733,
            "thresholds": {
                "p(95)<3000": false
            }
        },
        "data_sent": {
            "count": 10482020,
            "rate": 222163.67584455683
        },
        "data_received": {
            "count": 4975824,
            "rate": 105461.28992270252
        },
        "vus_max": {
            "value": 1079,
            "min": 291,
            "max": 1079
        },
        "http_req_connecting": {
            "avg": 0.11974751863972685,
            "min": 0,
            "med": 0,
            "max": 30.793088,
            "p(90)": 0,
            "p(95)": 0
        },
        "seckill_business_duration": {
            "avg": 1200.916459475876,
            "min": 4.581528,
            "med": 1410.5666075,
            "max": 3667.539127,
            "p(90)": 1742.5741873000002,
            "p(95)": 2113.2831733
        },
        "iteration_duration": {
            "min": 4.835361,
            "med": 1380.6469705,
            "max": 2221.310226,
            "p(90)": 1709.932234,
            "p(95)": 1784.41213805,
            "avg": 1133.619800844582
        },
        "http_req_blocked": {
            "avg": 0.13053498765651655,
            "min": 0.002168,
            "med": 0.0065985,
            "max": 30.856938,
            "p(90)": 0.010542900000000001,
            "p(95)": 0.027200799999999928
        },
        "checks": {
            "passes": 28112,
            "fails": 0,
            "value": 1
        },
        "http_req_sending": {
            "avg": 0.03892645724245867,
            "min": 0.006405,
            "med": 0.0313855,
            "max": 5.513067,
            "p(90)": 0.0670623,
            "p(95)": 0.08264424999999997
        },
        "http_req_waiting": {
            "p(90)": 1669.3869016,
            "p(95)": 2026.15051125,
            "avg": 1144.2493683187267,
            "min": 4.21201,
            "med": 1353.87192,
            "max": 3577.806448
        },
        "seckill_requests": {
            "rate": 595.8264967384323,
            "count": 28112
        },
        "vus": {
            "value": 0,
            "min": 0,
            "max": 1069
        },
        "dropped_iterations": {
            "count": 3762,
            "rate": 79.73460731111206
        }
    }
}