{
    "metrics": {
        "http_req_waiting": {
            "p(95)": 2058.212680399999,
            "avg": 1167.3817683014336,
            "min": 3.344391,
            "med": 1200.208322,
            "max": 3726.780461,
            "p(90)": 1570.9030180000002
        },
        "http_req_duration": {
            "med": 1254.078316,
            "max": 3779.759291,
            "p(90)": 1632.2053806000001,
            "p(95)": 2131.5966857999997,
            "avg": 1224.8950409947588,
            "min": 3.545759,
            "thresholds": {
                "p(95)<3000": false
            }
        },
        "http_req_failed": {
            "passes": 0,
            "fails": 32797,
            "thresholds": {
                "rate<0.30": false
            },
            "value": 0
        },
        "vus": {
            "value": 139,
            "min": 0,
            "max": 1154
        },
        "http_reqs": {
            "count": 32797,
            "rate": 663.3338740044763
        },
        "dropped_iterations": {
            "count": 2052,
            "rate": 41.5026102831718
        },
        "iteration_duration": {
            "avg": 1115.4204513695688,
            "min": 3.664783,
            "med": 1233.976042,
            "max": 1817.911079,
            "p(90)": 1543.0815226000002,
            "p(95)": 1615.7891704
        },
        "http_req_receiving": {
            "med": 56.149532,
            "max": 1549.025092,
            "p(90)": 63.996645400000006,
            "p(95)": 66.7630744,
            "avg": 57.48799419266981,
            "min": 0.027175
        },
        "http_req_blocked": {
            "p(90)": 0.007584,
            "p(95)": 0.012970999999999986,
            "avg": 0.09310671357136122,
            "min": 0.001592,
            "med": 0.00452,
            "max": 31.242283
        },
        "iterations": {
            "count": 32797,
            "rate": 663.3338740044763
        },
        "http_req_sending": {
            "avg": 0.025278500655548156,
            "min": 0.004503,
            "med": 0.021415,
            "max": 0.560065,
            "p(90)": 0.04530580000000002,
            "p(95)": 0.05897699999999999
        },
        "seckill_requests": {
            "count": 32797,
            "rate": 663.3338740044763
        },
        "checks": {
            "passes": 32797,
            "fails": 0,
            "value": 1
        },
        "http_req_duration{expected_response:true}": {
            "p(95)": 2131.5966857999997,
            "avg": 1224.8950409947588,
            "min": 3.545759,
            "med": 1254.078316,
            "max": 3779.759291,
            "p(90)": 1632.2053806000001
        },
        "seckill_business_duration": {
            "p(95)": 2131.5966857999997,
            "avg": 1224.8950409947588,
            "min": 3.545759,
            "med": 1254.078316,
            "max": 3779.759291,
            "p(90)": 1632.2053806000001
        },
        "http_req_tls_handshaking": {
            "med": 0,
            "max": 0,
            "p(90)": 0,
            "p(95)": 0,
            "avg": 0,
            "min": 0
        },
        "data_received": {
            "count": 5805069,
            "rate": 117410.0956987923
        },
        "data_sent": {
            "rate": 247373.5579325148,
            "count": 12230810
        },
        "vus_max": {
            "value": 1161,
            "min": 234,
            "max": 1161
        },
        "http_req_connecting": {
            "min": 0,
            "med": 0,
            "max": 31.183757,
            "p(90)": 0,
            "p(95)": 0,
            "avg": 0.08547913510382041
        }
    },
    "root_group": {
        "id": "d41d8cd98f00b204e9800998ecf8427e",
        "groups": {},
        "checks": {
                "http status is 200": {
                    "name": "http status is 200",
                    "path": "::http status is 200",
                    "id": "ea2fe6ab7eecb8c5b564c043a0723b30",
                    "passes": 32797,
                    "fails": 0
                }
            },
        "name": "",
        "path": ""
    }
}