{
    "root_group": {
        "name": "",
        "path": "",
        "id": "d41d8cd98f00b204e9800998ecf8427e",
        "groups": {},
        "checks": {
                "http status is 200": {
                    "path": "::http status is 200",
                    "id": "ea2fe6ab7eecb8c5b564c043a0723b30",
                    "passes": 34336,
                    "fails": 0,
                    "name": "http status is 200"
                }
            }
    },
    "metrics": {
        "http_req_waiting": {
            "max": 4065.741102,
            "p(90)": 2627.7933615,
            "p(95)": 2708.91253225,
            "avg": 1973.4081958645884,
            "min": 12.289484,
            "med": 2045.6642465
        },
        "iterations": {
            "count": 34336,
            "rate": 719.2712265067926
        },
        "http_req_duration": {
            "avg": 2028.043506185133,
            "min": 13.995667,
            "med": 2101.545483,
            "max": 4119.994482,
            "p(90)": 2681.6395115,
            "p(95)": 2764.47557075,
            "thresholds": {
                "p(95)<3000": false
            }
        },
        "http_reqs": {
            "count": 34336,
            "rate": 719.2712265067926
        },
        "data_sent": {
            "rate": 268489.56175461394,
            "count": 12816942
        },
        "http_req_failed": {
            "passes": 0,
            "fails": 34336,
            "thresholds": {
                "rate<0.30": false
            },
            "value": 0
        },
        "http_req_connecting": {
            "p(90)": 0,
            "p(95)": 1.24345,
            "avg": 0.1340793960566168,
            "min": 0,
            "med": 0,
            "max": 32.930727
        },
        "checks": {
            "fails": 0,
            "passes": 34336,
            "value": 1
        },
        "dropped_iterations": {
            "count": 8163,
            "rate": 170.99869006217813
        },
        "vus": {
            "min": 0,
            "max": 2096,
            "value": 680
        },
        "seckill_requests": {
            "count": 34336,
            "rate": 719.2712265067926
        },
        "seckill_business_duration": {
            "max": 4119.994482,
            "p(90)": 2681.6395115,
            "p(95)": 2764.47557075,
            "avg": 2028.043506185133,
            "min": 13.995667,
            "med": 2101.545483
        },
        "iteration_duration": {
            "avg": 1934.7128456079654,
            "min": 16.368868,
            "med": 2006.6855285,
            "max": 2781.730475,
            "p(90)": 2586.2171934999997,
            "p(95)": 2688.2652335
        },
        "vus_max": {
            "max": 2102,
            "value": 2102,
            "min": 301
        },
        "data_received": {
            "count": 6077472,
            "rate": 127311.0070917023
        },
        "http_req_tls_handshaking": {
            "p(90)": 0,
            "p(95)": 0,
            "avg": 0,
            "min": 0,
            "med": 0,
            "max": 0
        },
        "http_req_sending": {
            "p(90)": 0.046911,
            "p(95)": 0.06116775,
            "avg": 0.02455405390843427,
            "min": 0.004093,
            "med": 0.0207245,
            "max": 1.437908
        },
        "http_req_blocked": {
            "p(90)": 0.0083475,
            "p(95)": 1.29848375,
            "avg": 0.14294615595875979,
            "min": 0.001174,
            "med": 0.004245,
            "max": 33.008942
        },
        "http_req_duration{expected_response:true}": {
            "min": 13.995667,
            "med": 2101.545483,
            "max": 4119.994482,
            "p(90)": 2681.6395115,
            "p(95)": 2764.47557075,
            "avg": 2028.043506185133
        },
        "http_req_receiving": {
            "min": 0.024568,
            "med": 55.49619,
            "max": 1562.163156,
            "p(90)": 61.221535,
            "p(95)": 63.072114750000004,
            "avg": 54.610756266659244
        }
    }
}