{
    "root_group": {
        "name": "",
        "path": "",
        "id": "d41d8cd98f00b204e9800998ecf8427e",
        "groups": {},
        "checks": {
                "http status is 200": {
                    "name": "http status is 200",
                    "path": "::http status is 200",
                    "id": "ea2fe6ab7eecb8c5b564c043a0723b30",
                    "passes": 32340,
                    "fails": 0
                }
            }
    },
    "metrics": {
        "http_req_duration{expected_response:true}": {
            "p(90)": 2009.3269705000002,
            "p(95)": 2091.2740178,
            "avg": 1453.14450467994,
            "min": 5.292517,
            "med": 1420.3096385,
            "max": 3654.396447
        },
        "http_req_tls_handshaking": {
            "min": 0,
            "med": 0,
            "max": 0,
            "p(90)": 0,
            "p(95)": 0,
            "avg": 0
        },
        "http_req_receiving": {
            "avg": 56.18050978246742,
            "min": 0.033223,
            "med": 57.055524,
            "max": 1562.072337,
            "p(90)": 64.33858190000001,
            "p(95)": 69.52282799999999
        },
        "iterations": {
            "count": 32340,
            "rate": 686.5074689110244
        },
        "http_reqs": {
            "count": 32340,
            "rate": 686.5074689110244
        },
        "http_req_connecting": {
            "avg": 0.15905858756957325,
            "min": 0,
            "med": 0,
            "max": 603.747693,
            "p(90)": 0,
            "p(95)": 0
        },
        "checks": {
            "passes": 32340,
            "fails": 0,
            "value": 1
        },
        "http_req_duration": {
            "med": 1420.3096385,
            "max": 3654.396447,
            "p(90)": 2009.3269705000002,
            "p(95)": 2091.2740178,
            "avg": 1453.14450467994,
            "min": 5.292517,
            "thresholds": {
                "p(95)<3000": false
            }
        },
        "http_req_failed": {
            "fails": 32340,
            "passes": 0,
            "thresholds": {
                "rate<0.30": false
            },
            "value": 0
        },
        "vus_max": {
            "value": 1398,
            "min": 306,
            "max": 1398
        },
        "http_req_waiting": {
            "p(95)": 2032.7537963,
            "avg": 1396.9365690144325,
            "min": 5.146245,
            "med": 1363.2175545,
            "max": 3595.479402,
            "p(90)": 1948.8151411000001
        },
        "data_received": {
            "count": 5724180,
            "rate": 121511.82199725132
        },
        "http_req_sending": {
            "p(90)": 0.05162770000000001,
            "p(95)": 0.06606084999999998,
            "avg": 0.02742588302411865,
            "min": 0.00428,
            "med": 0.0225705,
            "max": 2.937672
        },
        "dropped_iterations": {
            "count": 3784,
            "rate": 80.32604398142598
        },
        "iteration_duration": {
            "avg": 1382.33752631939,
            "min": 5.558338,
            "med": 1418.331705,
            "max": 2117.999749,
            "p(90)": 1961.9946153,
            "p(95)": 2020.7764171
        },
        "data_sent": {
            "rate": 256081.74204439123,
            "count": 12063501
        },
        "vus": {
            "value": 474,
            "min": 0,
            "max": 1389
        },
        "http_req_blocked": {
            "med": 0.004822,
            "max": 603.867563,
            "p(90)": 0.008525100000000002,
            "p(95)": 0.022381449999999935,
            "avg": 0.16812121849103373,
            "min": 0.001181
        },
        "seckill_business_duration": {
            "med": 1420.3096385,
            "max": 3654.396447,
            "p(90)": 2009.3269705000002,
            "p(95)": 2091.2740178,
            "avg": 1453.14450467994,
            "min": 5.292517
        },
        "seckill_requests": {
            "count": 32340,
            "rate": 686.5074689110244
        }
    }
}