{
    "root_group": {
        "name": "",
        "path": "",
        "id": "d41d8cd98f00b204e9800998ecf8427e",
        "groups": {},
        "checks": {
                "http status is 200": {
                    "id": "ea2fe6ab7eecb8c5b564c043a0723b30",
                    "passes": 33149,
                    "fails": 0,
                    "name": "http status is 200",
                    "path": "::http status is 200"
                }
            }
    },
    "metrics": {
        "iteration_duration": {
            "p(90)": 634.3879918,
            "p(95)": 820.01359,
            "avg": 206.40857670158977,
            "min": 3.067218,
            "med": 74.961609,
            "max": 977.035066
        },
        "http_req_blocked": {
            "avg": 0.06606140746327113,
            "min": 0.002006,
            "med": 0.004594,
            "max": 26.838675,
            "p(90)": 0.0073962,
            "p(95)": 0.010886799999999974
        },
        "http_reqs": {
            "count": 33149,
            "rate": 666.6586909089524
        },
        "http_req_connecting": {
            "avg": 0.05934099553531024,
            "min": 0,
            "med": 0,
            "max": 26.772548,
            "p(90)": 0,
            "p(95)": 0
        },
        "http_req_receiving": {
            "avg": 26.800346137470296,
            "min": 0.02581,
            "med": 12.716916,
            "max": 1577.119796,
            "p(90)": 57.5697102,
            "p(95)": 61.0297972
        },
        "data_received": {
            "count": 5867373,
            "rate": 117998.58829088457
        },
        "seckill_requests": {
            "count": 33149,
            "rate": 666.6586909089524
        },
        "http_req_waiting": {
            "avg": 211.04474872125914,
            "min": 2.820135,
            "med": 61.795753,
            "max": 2663.547446,
            "p(90)": 600.1744996000004,
            "p(95)": 817.9381359999999
        },
        "http_req_sending": {
            "avg": 0.04421085007089194,
            "min": 0.005097,
            "med": 0.020733,
            "max": 707.105921,
            "p(90)": 0.037712800000000005,
            "p(95)": 0.05276519999999999
        },
        "data_sent": {
            "count": 12357919,
            "rate": 248529.79284137892
        },
        "http_req_duration": {
            "p(90)": 671.9544674000001,
            "p(95)": 877.1850906,
            "avg": 237.88930570879913,
            "min": 2.93517,
            "med": 74.493958,
            "max": 2731.447726,
            "thresholds": {
                "p(95)<3000": false
            }
        },
        "http_req_failed": {
            "passes": 0,
            "fails": 33149,
            "thresholds": {
                "rate<0.30": false
            },
            "value": 0
        },
        "http_req_tls_handshaking": {
            "p(90)": 0,
            "p(95)": 0,
            "avg": 0,
            "min": 0,
            "med": 0,
            "max": 0
        },
        "seckill_business_duration": {
            "p(90)": 671.9544674000001,
            "p(95)": 877.1850906,
            "avg": 237.88930570879913,
            "min": 2.93517,
            "med": 74.493958,
            "max": 2731.447726
        },
        "vus_max": {
            "value": 780,
            "min": 287,
            "max": 780
        },
        "checks": {
            "passes": 33149,
            "fails": 0,
            "value": 1
        },
        "iterations": {
            "count": 33149,
            "rate": 666.6586909089524
        },
        "http_req_duration{expected_response:true}": {
            "avg": 237.88930570879913,
            "min": 2.93517,
            "med": 74.493958,
            "max": 2731.447726,
            "p(90)": 671.9544674000001,
            "p(95)": 877.1850906
        },
        "vus": {
            "value": 1,
            "min": 0,
            "max": 654
        }
    }
}