{
    "root_group": {
        "groups": {},
        "checks": {
                "http status is 200": {
                    "id": "ea2fe6ab7eecb8c5b564c043a0723b30",
                    "passes": 32989,
                    "fails": 0,
                    "name": "http status is 200",
                    "path": "::http status is 200"
                }
            },
        "name": "",
        "path": "",
        "id": "d41d8cd98f00b204e9800998ecf8427e"
    },
    "metrics": {
        "dropped_iterations": {
            "count": 1010,
            "rate": 20.374174718756763
        },
        "iterations": {
            "count": 32989,
            "rate": 665.4689601951158
        },
        "vus": {
            "value": 0,
            "min": 0,
            "max": 969
        },
        "http_req_duration{expected_response:true}": {
            "p(95)": 1432.9821183999998,
            "avg": 888.9978704115312,
            "min": 3.219813,
            "med": 921.050438,
            "max": 3677.767709,
            "p(90)": 1334.85556
        },
        "iteration_duration": {
            "p(90)": 1304.6805674,
            "p(95)": 1383.5639898000002,
            "avg": 804.8307253207441,
            "min": 3.354249,
            "med": 833.933042,
            "max": 1469.755962
        },
        "http_req_receiving": {
            "avg": 55.35414576731622,
            "min": 0.029952,
            "med": 55.470274,
            "max": 1566.219108,
            "p(90)": 62.1916662,
            "p(95)": 64.6086784
        },
        "seckill_business_duration": {
            "max": 3677.767709,
            "p(90)": 1334.85556,
            "p(95)": 1432.9821183999998,
            "avg": 888.9978704115312,
            "min": 3.219813,
            "med": 921.050438
        },
        "http_req_connecting": {
            "avg": 0.07434838721998238,
            "min": 0,
            "med": 0,
            "max": 28.151484,
            "p(90)": 0,
            "p(95)": 0
        },
        "http_req_sending": {
            "p(90)": 0.039856,
            "p(95)": 0.05542959999999995,
            "avg": 0.06983818948740504,
            "min": 0.005475,
            "med": 0.021645,
            "max": 1504.502908
        },
        "data_sent": {
            "count": 12299399,
            "rate": 248109.01402148735
        },
        "http_req_duration": {
            "min": 3.219813,
            "med": 921.050438,
            "max": 3677.767709,
            "p(90)": 1334.85556,
            "p(95)": 1432.9821183999998,
            "avg": 888.9978704115312,
            "thresholds": {
                "p(95)<3000": false
            }
        },
        "http_req_waiting": {
            "med": 863.495838,
            "max": 3619.600152,
            "p(90)": 1279.0867394000002,
            "p(95)": 1365.0612738,
            "avg": 833.5738864547258,
            "min": 2.969136
        },
        "seckill_requests": {
            "count": 32989,
            "rate": 665.4689601951158
        },
        "http_reqs": {
            "rate": 665.4689601951158,
            "count": 32989
        },
        "http_req_failed": {
            "passes": 0,
            "fails": 32989,
            "thresholds": {
                "rate<0.30": false
            },
            "value": 0
        },
        "http_req_tls_handshaking": {
            "p(90)": 0,
            "p(95)": 0,
            "avg": 0,
            "min": 0,
            "med": 0,
            "max": 0
        },
        "checks": {
            "fails": 0,
            "passes": 32989,
            "value": 1
        },
        "vus_max": {
            "value": 978,
            "min": 296,
            "max": 978
        },
        "http_req_blocked": {
            "min": 0.00159,
            "med": 0.004545,
            "max": 28.209693,
            "p(90)": 0.007427,
            "p(95)": 0.011671199999999961,
            "avg": 0.08144678368546979
        },
        "data_received": {
            "rate": 117788.00595453549,
            "count": 5839053
        }
    }
}